<ImportExportXml xmlns:xsi="http://www.w3.org/2001/XMLSchema-instance">
  <Entities>
    <Entity>
      <Name LocalizedName="Cliente Potencial" OriginalName="Cliente Potencial">Lead</Name>
      <EntityInfo>
        <entity Name="Lead" unmodified="1">
          <attributes />
        </entity>
      </EntityInfo>
      <RibbonDiffXml>
        <CustomActions>
          <CustomAction Id="curso.lead.Button2.ButtonCEP.CustomAction" Location="Mscrm.Form.lead.MainTab.Save.Controls._children" Sequence="68">
            <CommandUIDefinition>
              <Button Alt="$LocLabels:curso.lead.Button2.ButtonCEP.Alt" Command="curso.lead.Command0.BuscaCEP" Id="curso.lead.Button2.ButtonCEP" LabelText="$LocLabels:curso.lead.Button2.ButtonCEP.LabelText" Sequence="68" TemplateAlias="o2" ToolTipTitle="$LocLabels:curso.lead.Button2.ButtonCEP.ToolTipTitle" ToolTipDescription="$LocLabels:curso.lead.Button2.ButtonCEP.ToolTipDescription" />
            </CommandUIDefinition>
          </CustomAction>
        </CustomActions>
        <Templates>
          <RibbonTemplates Id="Mscrm.Templates"></RibbonTemplates>
        </Templates>
        <CommandDefinitions>
          <CommandDefinition Id="curso.lead.Command0.BuscaCEP">
            <EnableRules />
            <DisplayRules />
            <Actions>
              <JavaScriptFunction FunctionName="BuscaCEP" Library="$webresource:curso_scriptcallactioncep">
                <CrmParameter Value="PrimaryControl" />
              </JavaScriptFunction>
            </Actions>
          </CommandDefinition>
        </CommandDefinitions>
        <RuleDefinitions>
          <TabDisplayRules />
          <DisplayRules />
          <EnableRules />
        </RuleDefinitions>
        <LocLabels>
          <LocLabel Id="curso.lead.Button2.ButtonCEP.Alt">
            <Titles>
              <Title description="Buscar CEP" languagecode="1046" />
            </Titles>
          </LocLabel>
          <LocLabel Id="curso.lead.Button2.ButtonCEP.LabelText">
            <Titles>
              <Title description="Buscar CEP" languagecode="1046" />
            </Titles>
          </LocLabel>
          <LocLabel Id="curso.lead.Button2.ButtonCEP.ToolTipDescription">
            <Titles>
              <Title description="Buscar CEP" languagecode="1046" />
            </Titles>
          </LocLabel>
          <LocLabel Id="curso.lead.Button2.ButtonCEP.ToolTipTitle">
            <Titles>
              <Title description="Buscar CEP" languagecode="1046" />
            </Titles>
          </LocLabel>
        </LocLabels>
      </RibbonDiffXml>
    </Entity>
  </Entities>
  <Roles></Roles>
  <Workflows></Workflows>
  <FieldSecurityProfiles></FieldSecurityProfiles>
  <Templates />
  <EntityMaps />
  <EntityRelationships />
  <OrganizationSettings />
  <optionsets />
  <CustomControls />
  <EntityDataProviders />
  <Languages>
    <Language>1046</Language>
  </Languages>
</ImportExportXml>